[{"character_name":"name","species":"species","gender":"gender","house":"house","ancestry":"ancestry","wand":"wand","alive":"alive"},
{"character_name":"Harry Potter","species":"human","gender":"male","house":"Gryffindor","ancestry":"half-blood","wand":"{'wood': 'holly', 'core': 'phoenix feather', 'length': 11}","alive":"True"},
{"character_name":"Hermione Granger","species":"human","gender":"female","house":"Gryffindor","ancestry":"muggleborn","wand":"{'wood': 'vine', 'core': 'dragon heartstring', 'length': ''}","alive":"True"},
{"character_name":"Ron Weasley","species":"human","gender":"male","house":"Gryffindor","ancestry":"pure-blood","wand":"{'wood': 'willow', 'core': 'unicorn tail-hair', 'length': 14}","alive":"True"},
{"character_name":"Draco Malfoy","species":"human","gender":"male","house":"Slytherin","ancestry":"pure-blood","wand":"{'wood': 'hawthorn', 'core': 'unicorn tail-hair', 'length': 10}","alive":"True"},
{"character_name":"Minerva McGonagall","species":"human","gender":"female","house":"Gryffindor","ancestry":"unknown","wand":"{'wood': '', 'core': '', 'length': ''}","alive":"True"},
{"character_name":"Cedric Diggory","species":"human","gender":"male","house":"Hufflepuff","ancestry":"unknown","wand":"{'wood': 'ash', 'core': 'unicorn hair', 'length': 12.25}","alive":"False"},
{"character_name":"Cho Chang","species":"human","gender":"female","house":"Ravenclaw","ancestry":"unknown","wand":"{'wood': '', 'core': '', 'length': ''}","alive":"True"},
{"character_name":"Severus Snape","species":"human","gender":"male","house":"Slytherin","ancestry":"half-blood","wand":"{'wood': '', 'core': '', 'length': ''}","alive":"False"},
{"character_name":"Rubeus Hagrid","species":"half-giant","gender":"male","house":"Gryffindor","ancestry":"half-blood","wand":"{'wood': 'oak', 'core': '', 'length': 16}","alive":"True"},
{"character_name":"Neville Longbottom","species":"human","gender":"male","house":"Gryffindor","ancestry":"pure-blood","wand":"{'wood': 'cherry', 'core': 'unicorn tail-hair', 'length': 13}","alive":"True"},
{"character_name":"Luna Lovegood","species":"human","gender":"female","house":"Ravenclaw","ancestry":"unknown","wand":"{'wood': '', 'core': '', 'length': ''}","alive":"True"},
{"character_name":"Ginny Weasley","species":"human","gender":"female","house":"Gryffindor","ancestry":"pure-blood","wand":"{'wood': 'yew', 'core': '', 'length': ''}","alive":"True"},
{"character_name":"Sirius Black","species":"human","gender":"male","house":"Gryffindor","ancestry":"pure-blood","wand":"{'wood': '', 'core': '', 'length': ''}","alive":"False"},
{"character_name":"Remus Lupin","species":"werewolf","gender":"male","house":"Gryffindor","ancestry":"half-blood","wand":"{'wood': 'cypress', 'core': 'unicorn tail-hair', 'length': 10.25}","alive":"False"},
{"character_name":"Arthur Weasley","species":"human","gender":"male","house":"Gryffindor","ancestry":"pure-blood","wand":"{'wood': '', 'core': '', 'length': ''}","alive":"True"},
{"character_name":"Bellatrix Lestrange","species":"human","gender":"female","house":"Slytherin","ancestry":"pure-blood","wand":"{'wood': 'walnut', 'core': 'dragon heartstring', 'length': 12.75}","alive":"False"},
{"character_name":"Voldemort","species":"human","gender":"male","house":"Slytherin","ancestry":"half-blood","wand":"{'wood': 'yew', 'core': 'phoenix feather', 'length': 13.5}","alive":"False"},
{"character_name":"Horace Slughorn","species":"human","gender":"male","house":"Slytherin","ancestry":"pure-blood","wand":"{'wood': 'cedar', 'core': 'dragon heartstring', 'length': 10.25}","alive":"True"},
{"character_name":"Kingsley Shacklebolt","species":"human","gender":"male","house":"unknown","ancestry":"pure-blood","wand":"{'wood': '', 'core': '', 'length': ''}","alive":"True"},
{"character_name":"Dolores Umbridge","species":"human","gender":"female","house":"Slytherin","ancestry":"half-blood","wand":"{'wood': 'birch', 'core': 'dragon heartstring', 'length': 8}","alive":"True"},
{"character_name":"Lucius Malfoy","species":"human","gender":"male","house":"Slytherin","ancestry":"pure-blood","wand":"{'wood': 'elm', 'core': 'dragon heartstring', 'length': 18}","alive":"True"},
{"character_name":"Vincent Crabbe","species":"human","gender":"male","house":"Slytherin","ancestry":"pure-blood","wand":"{'wood': '', 'core': '', 'length': ''}","alive":"False"},
{"character_name":"Gregory Goyle","species":"human","gender":"male","house":"Slytherin","ancestry":"pure-blood","wand":"{'wood': '', 'core': '', 'length': ''}","alive":"True"},
{"character_name":"Mrs Norris","species":"cat","gender":"female","house":"unknown","ancestry":"unknown","wand":"{'wood': '', 'core': '', 'length': ''}","alive":"True"},
{"character_name":"Argus Filch","species":"human","gender":"male","house":"unknown","ancestry":"squib","wand":"{'wood': '', 'core': '', 'length': ''}","alive":"True"},
{"character_name":"Albus Dumbledore","species":"human","gender":"male","house":"Gryffindor","ancestry":"half-blood","wand":"{'wood': ''","alive":"True"},
{"character_name":"name","species":"species","gender":"gender","house":"house","ancestry":"ancestry","wand":"wand","alive":"alive"},
{"character_name":"Harry Potter","species":"human","gender":"male","house":"Gryffindor","ancestry":"half-blood","wand":"{'wood': 'holly', 'core': 'phoenix feather', 'length': 11}","alive":"True"},
{"character_name":"Hermione Granger","species":"human","gender":"female","house":"Gryffindor","ancestry":"muggleborn","wand":"{'wood': 'vine', 'core': 'dragon heartstring', 'length': ''}","alive":"True"},
{"character_name":"Ron Weasley","species":"human","gender":"male","house":"Gryffindor","ancestry":"pure-blood","wand":"{'wood': 'willow', 'core': 'unicorn tail-hair', 'length': 14}","alive":"True"},
{"character_name":"Draco Malfoy","species":"human","gender":"male","house":"Slytherin","ancestry":"pure-blood","wand":"{'wood': 'hawthorn', 'core': 'unicorn tail-hair', 'length': 10}","alive":"True"},
{"character_name":"Minerva McGonagall","species":"human","gender":"female","house":"Gryffindor","ancestry":"unknown","wand":"{'wood': '', 'core': '', 'length': ''}","alive":"True"},
{"character_name":"Cedric Diggory","species":"human","gender":"male","house":"Hufflepuff","ancestry":"unknown","wand":"{'wood': 'ash', 'core': 'unicorn hair', 'length': 12.25}","alive":"False"},
{"character_name":"Cho Chang","species":"human","gender":"female","house":"Ravenclaw","ancestry":"unknown","wand":"{'wood': '', 'core': '', 'length': ''}","alive":"True"},
{"character_name":"Severus Snape","species":"human","gender":"male","house":"Slytherin","ancestry":"half-blood","wand":"{'wood': '', 'core': '', 'length': ''}","alive":"False"},
{"character_name":"Rubeus Hagrid","species":"half-giant","gender":"male","house":"Gryffindor","ancestry":"half-blood","wand":"{'wood': 'oak', 'core': '', 'length': 16}","alive":"True"},
{"character_name":"Neville Longbottom","species":"human","gender":"male","house":"Gryffindor","ancestry":"pure-blood","wand":"{'wood': 'cherry', 'core': 'unicorn tail-hair', 'length': 13}","alive":"True"},
{"character_name":"Luna Lovegood","species":"human","gender":"female","house":"Ravenclaw","ancestry":"unknown","wand":"{'wood': '', 'core': '', 'length': ''}","alive":"True"},
{"character_name":"Ginny Weasley","species":"human","gender":"female","house":"Gryffindor","ancestry":"pure-blood","wand":"{'wood': 'yew', 'core': '', 'length': ''}","alive":"True"},
{"character_name":"Sirius Black","species":"human","gender":"male","house":"Gryffindor","ancestry":"pure-blood","wand":"{'wood': '', 'core': '', 'length': ''}","alive":"False"},
{"character_name":"Remus Lupin","species":"werewolf","gender":"male","house":"Gryffindor","ancestry":"half-blood","wand":"{'wood': 'cypress', 'core': 'unicorn tail-hair', 'length': 10.25}","alive":"False"},
{"character_name":"Arthur Weasley","species":"human","gender":"male","house":"Gryffindor","ancestry":"pure-blood","wand":"{'wood': '', 'core': '', 'length': ''}","alive":"True"},
{"character_name":"Bellatrix Lestrange","species":"human","gender":"female","house":"Slytherin","ancestry":"pure-blood","wand":"{'wood': 'walnut', 'core': 'dragon heartstring', 'length': 12.75}","alive":"False"},
{"character_name":"Voldemort","species":"human","gender":"male","house":"Slytherin","ancestry":"half-blood","wand":"{'wood': 'yew', 'core': 'phoenix feather', 'length': 13.5}","alive":"False"},
{"character_name":"Horace Slughorn","species":"human","gender":"male","house":"Slytherin","ancestry":"pure-blood","wand":"{'wood': 'cedar', 'core': 'dragon heartstring', 'length': 10.25}","alive":"True"},
{"character_name":"Kingsley Shacklebolt","species":"human","gender":"male","house":"unknown","ancestry":"pure-blood","wand":"{'wood': '', 'core': '', 'length': ''}","alive":"True"},
{"character_name":"Dolores Umbridge","species":"human","gender":"female","house":"Slytherin","ancestry":"half-blood","wand":"{'wood': 'birch', 'core': 'dragon heartstring', 'length': 8}","alive":"True"},
{"character_name":"Lucius Malfoy","species":"human","gender":"male","house":"Slytherin","ancestry":"pure-blood","wand":"{'wood': 'elm', 'core': 'dragon heartstring', 'length': 18}","alive":"True"},
{"character_name":"Vincent Crabbe","species":"human","gender":"male","house":"Slytherin","ancestry":"pure-blood","wand":"{'wood': '', 'core': '', 'length': ''}","alive":"False"},
{"character_name":"Gregory Goyle","species":"human","gender":"male","house":"Slytherin","ancestry":"pure-blood","wand":"{'wood': '', 'core': '', 'length': ''}","alive":"True"},
{"character_name":"Mrs Norris","species":"cat","gender":"female","house":"unknown","ancestry":"unknown","wand":"{'wood': '', 'core': '', 'length': ''}","alive":"True"},
{"character_name":"Argus Filch","species":"human","gender":"male","house":"unknown","ancestry":"squib","wand":"{'wood': '', 'core': '', 'length': ''}","alive":"True"},
{"character_name":"Albus Dumbledore","species":"human","gender":"male","house":"Gryffindor","ancestry":"half-blood","wand":"{'wood': ''","alive":"True"}]
